Timestamp,User Count,Type,Name,Requests/s,Failures/s,50%,66%,75%,80%,90%,95%,98%,99%,99.9%,99.99%,100%,Total Request Count,Total Failure Count,Total Median Response Time,Total Average Response Time,Total Min Response Time,Total Max Response Time,Total Average Content Size
1668768863,0,,Aggregated,0.000000,0.000000,N/A,N/A,N/A,N/A,N/A,N/A,N/A,N/A,N/A,N/A,N/A,0,0,0,0.0,0,0,0
1668768864,1,GET,//0/3.14159,0.000000,0.000000,0,0,0,0,0,0,0,0,0,0,0,1,0,611.6518,611.6518,611.6518,611.6518,114.0
1668768864,1,,Aggregated,0.000000,0.000000,0,0,0,0,0,0,0,0,0,0,0,1,0,611.6518,611.6518,611.6518,611.6518,114.0
1668768865,1,GET,//0/3.14159,0.000000,0.000000,550,550,550,550,550,550,550,550,550,550,550,3,0,550.0,526.8254000000001,420.7456000000001,611.6518,114.0
1668768865,1,,Aggregated,0.000000,0.000000,550,550,550,550,550,550,550,550,550,550,550,3,0,550.0,526.8254000000001,420.7456000000001,611.6518,114.0
1668768866,1,GET,//0/3.14159,0.000000,0.000000,550,550,630,630,630,630,630,630,630,630,630,5,0,550.0,533.17984,420.7456000000001,631.6597000000002,114.0
1668768866,1,,Aggregated,0.000000,0.000000,550,550,630,630,630,630,630,630,630,630,630,5,0,550.0,533.17984,420.7456000000001,631.6597000000002,114.0
1668768867,1,GET,//0/3.14159,1.000000,0.000000,550,550,570,570,630,630,630,630,630,630,630,7,0,550.0,522.3401428571427,420.7456000000001,631.6597000000002,114.0
1668768867,1,,Aggregated,1.000000,0.000000,550,550,570,570,630,630,630,630,630,630,630,7,0,550.0,522.3401428571427,420.7456000000001,631.6597000000002,114.0
1668768868,1,GET,//0/3.14159,1.666667,0.000000,450,460,550,570,630,630,630,630,630,630,630,10,0,450.0,499.5789199999999,420.7456000000001,631.6597000000002,114.0
1668768868,1,,Aggregated,1.666667,0.000000,450,460,550,570,630,630,630,630,630,630,630,10,0,450.0,499.5789199999999,420.7456000000001,631.6597000000002,114.0
1668768869,1,GET,//0/3.14159,1.666667,0.000000,450,460,550,550,570,630,630,630,630,630,630,12,0,450.0,489.33658333333324,420.7456000000001,631.6597000000002,114.0
1668768869,1,,Aggregated,1.666667,0.000000,450,460,550,550,570,630,630,630,630,630,630,12,0,450.0,489.33658333333324,420.7456000000001,631.6597000000002,114.0
1668768870,1,GET,//0/3.14159,1.750000,0.000000,450,450,460,550,570,630,630,630,630,630,630,14,0,450.0,481.76995714285715,420.7456000000001,631.6597000000002,114.0
1668768870,1,,Aggregated,1.750000,0.000000,450,450,460,550,570,630,630,630,630,630,630,14,0,450.0,481.76995714285715,420.7456000000001,631.6597000000002,114.0
1668768871,1,GET,//0/3.14159,1.800000,0.000000,450,450,550,550,570,630,630,630,630,630,630,16,0,450.0,481.91794375,418.38210000000055,631.6597000000002,114.0
1668768871,1,,Aggregated,1.800000,0.000000,450,450,550,550,570,630,630,630,630,630,630,16,0,450.0,481.91794375,418.38210000000055,631.6597000000002,114.0
1668768872,1,GET,//0/3.14159,2.000000,0.000000,450,450,460,550,570,630,630,630,630,630,630,18,0,450.0,477.38763888888883,418.38210000000055,631.6597000000002,114.0
1668768872,1,,Aggregated,2.000000,0.000000,450,450,460,550,570,630,630,630,630,630,630,18,0,450.0,477.38763888888883,418.38210000000055,631.6597000000002,114.0
1668768873,1,GET,//0/3.14159,2.000000,0.000000,450,460,500,550,570,630,630,630,630,630,630,21,0,450.0,476.7629571428571,418.38210000000055,631.6597000000002,114.0
1668768873,1,,Aggregated,2.000000,0.000000,450,460,500,550,570,630,630,630,630,630,630,21,0,450.0,476.7629571428571,418.38210000000055,631.6597000000002,114.0
1668768874,1,GET,//0/3.14159,2.000000,0.000000,450,460,500,540,570,630,630,630,630,630,630,23,0,450.0,477.67423043478243,418.38210000000055,631.6597000000002,114.0
1668768874,1,,Aggregated,2.000000,0.000000,450,460,500,540,570,630,630,630,630,630,630,23,0,450.0,477.67423043478243,418.38210000000055,631.6597000000002,114.0
1668768875,1,GET,//0/3.14159,2.000000,0.000000,450,460,500,510,550,570,570,570,570,570,570,24,0,450.0,478.9673999999998,418.38210000000055,631.6597000000002,114.0
1668768875,1,,Aggregated,2.000000,0.000000,450,460,500,510,550,570,570,570,570,570,570,24,0,450.0,478.9673999999998,418.38210000000055,631.6597000000002,114.0
1668768876,1,GET,//0/3.14159,2.000000,0.000000,450,460,500,510,550,780,780,780,780,780,780,26,0,450.0,488.7122499999998,418.38210000000055,777.1369999999997,114.0
1668768876,1,,Aggregated,2.000000,0.000000,450,460,500,510,550,780,780,780,780,780,780,26,0,450.0,488.7122499999998,418.38210000000055,777.1369999999997,114.0
1668768877,1,GET,//0/3.14159,2.100000,0.000000,460,460,500,510,550,780,780,780,780,780,780,29,0,450.0,485.7956655172412,418.38210000000055,777.1369999999997,114.0
1668768877,1,,Aggregated,2.100000,0.000000,460,460,500,510,550,780,780,780,780,780,780,29,0,450.0,485.7956655172412,418.38210000000055,777.1369999999997,114.0
1668768878,1,GET,//0/3.14159,2.100000,0.000000,460,480,510,540,600,780,780,780,780,780,780,30,0,450.0,489.6369699999998,418.38210000000055,777.1369999999997,114.0
1668768878,1,,Aggregated,2.100000,0.000000,460,480,510,540,600,780,780,780,780,780,780,30,0,450.0,489.6369699999998,418.38210000000055,777.1369999999997,114.0
1668768879,1,GET,//0/3.14159,2.100000,0.000000,480,500,540,550,600,780,780,780,780,780,780,32,0,460.0,491.38379687499986,418.38210000000055,777.1369999999997,114.0
1668768879,1,,Aggregated,2.100000,0.000000,480,500,540,550,600,780,780,780,780,780,780,32,0,460.0,491.38379687499986,418.38210000000055,777.1369999999997,114.0
1668768880,1,GET,//0/3.14159,2.100000,0.000000,470,480,510,540,600,780,780,780,780,780,780,34,0,460.0,488.98428823529395,418.38210000000055,777.1369999999997,114.0
1668768880,1,,Aggregated,2.100000,0.000000,470,480,510,540,600,780,780,780,780,780,780,34,0,460.0,488.98428823529395,418.38210000000055,777.1369999999997,114.0
1668768881,1,GET,//0/3.14159,2.000000,0.000000,480,500,510,540,600,780,780,780,780,780,780,37,0,460.0,487.5376918918919,416.8116000000026,777.1369999999997,114.0
1668768881,1,,Aggregated,2.000000,0.000000,480,500,510,540,600,780,780,780,780,780,780,37,0,460.0,487.5376918918919,416.8116000000026,777.1369999999997,114.0
1668768882,1,GET,//0/3.14159,2.000000,0.000000,480,500,540,550,600,780,780,780,780,780,780,38,0,460.0,489.2545342105263,416.8116000000026,777.1369999999997,114.0
1668768882,1,,Aggregated,2.000000,0.000000,480,500,540,550,600,780,780,780,780,780,780,38,0,460.0,489.2545342105263,416.8116000000026,777.1369999999997,114.0
1668768883,1,GET,//0/3.14159,2.000000,0.000000,500,540,550,590,610,780,780,780,780,780,780,40,0,460.0,494.78289250000006,416.8116000000026,777.1369999999997,114.0
1668768883,1,,Aggregated,2.000000,0.000000,500,540,550,590,610,780,780,780,780,780,780,40,0,460.0,494.78289250000006,416.8116000000026,777.1369999999997,114.0
1668768884,1,GET,//0/3.14159,2.000000,0.000000,500,550,590,600,610,780,780,780,780,780,780,42,0,460.0,496.3801095238096,416.8116000000026,777.1369999999997,114.0
1668768884,1,,Aggregated,2.000000,0.000000,500,550,590,600,610,780,780,780,780,780,780,42,0,460.0,496.3801095238096,416.8116000000026,777.1369999999997,114.0
1668768885,1,GET,//0/3.14159,2.000000,0.000000,500,510,550,590,610,610,610,610,610,610,610,44,0,460.0,496.74159318181825,416.8116000000026,777.1369999999997,114.0
1668768885,1,,Aggregated,2.000000,0.000000,500,510,550,590,610,610,610,610,610,610,610,44,0,460.0,496.74159318181825,416.8116000000026,777.1369999999997,114.0
1668768886,1,GET,//0/3.14159,2.000000,0.000000,500,530,550,590,610,610,610,610,610,610,610,46,0,470.0,497.22781304347836,416.8116000000026,777.1369999999997,114.0
1668768886,1,,Aggregated,2.000000,0.000000,500,530,550,590,610,610,610,610,610,610,610,46,0,470.0,497.22781304347836,416.8116000000026,777.1369999999997,114.0
1668768887,1,GET,//0/3.14159,2.000000,0.000000,500,530,550,590,610,610,610,610,610,610,610,48,0,480.0,499.2400625,416.8116000000026,777.1369999999997,114.0
1668768887,1,,Aggregated,2.000000,0.000000,500,530,550,590,610,610,610,610,610,610,610,48,0,480.0,499.2400625,416.8116000000026,777.1369999999997,114.0
1668768888,1,GET,//0/3.14159,2.000000,0.000000,500,510,550,590,610,610,610,610,610,610,610,50,0,470.0,497.106094,416.8116000000026,777.1369999999997,114.0
1668768888,1,,Aggregated,2.000000,0.000000,500,510,550,590,610,610,610,610,610,610,610,50,0,470.0,497.106094,416.8116000000026,777.1369999999997,114.0
1668768889,1,GET,//0/3.14159,1.900000,0.000000,500,510,550,590,610,610,610,610,610,610,610,53,0,460.0,493.5853150943396,416.8116000000026,777.1369999999997,114.0
1668768889,1,,Aggregated,1.900000,0.000000,500,510,550,590,610,610,610,610,610,610,610,53,0,460.0,493.5853150943396,416.8116000000026,777.1369999999997,114.0
1668768890,1,GET,//0/3.14159,2.000000,0.000000,500,520,550,590,610,610,610,610,610,610,610,55,0,460.0,492.6047109090909,411.20410000000265,777.1369999999997,114.0
1668768890,1,,Aggregated,2.000000,0.000000,500,520,550,590,610,610,610,610,610,610,610,55,0,460.0,492.6047109090909,411.20410000000265,777.1369999999997,114.0
1668768891,1,GET,//0/3.14159,2.000000,0.000000,490,510,530,590,610,610,610,610,610,610,610,57,0,460.0,491.7049157894737,411.20410000000265,777.1369999999997,114.0
1668768891,1,,Aggregated,2.000000,0.000000,490,510,530,590,610,610,610,610,610,610,610,57,0,460.0,491.7049157894737,411.20410000000265,777.1369999999997,114.0
1668768892,1,GET,//0/3.14159,2.000000,0.000000,480,500,520,530,600,610,610,610,610,610,610,59,0,460.0,491.5738372881357,411.20410000000265,777.1369999999997,114.0
1668768892,1,,Aggregated,2.000000,0.000000,480,500,520,530,600,610,610,610,610,610,610,59,0,460.0,491.5738372881357,411.20410000000265,777.1369999999997,114.0
1668768893,1,GET,//0/3.14159,2.000000,0.000000,480,500,520,530,600,610,610,610,610,610,610,61,0,460.0,492.27620655737707,411.20410000000265,777.1369999999997,114.0
1668768893,1,,Aggregated,2.000000,0.000000,480,500,520,530,600,610,610,610,610,610,610,61,0,460.0,492.27620655737707,411.20410000000265,777.1369999999997,114.0
1668768894,1,GET,//0/3.14159,2.000000,0.000000,450,490,520,530,600,610,610,610,610,610,610,63,0,460.0,490.04072063492066,411.20410000000265,777.1369999999997,114.0
1668768894,1,,Aggregated,2.000000,0.000000,450,490,520,530,600,610,610,610,610,610,610,63,0,460.0,490.04072063492066,411.20410000000265,777.1369999999997,114.0
1668768895,1,GET,//0/3.14159,2.000000,0.000000,450,490,520,530,600,610,610,610,610,610,610,65,0,460.0,490.28543538461537,411.20410000000265,777.1369999999997,114.0
1668768895,1,,Aggregated,2.000000,0.000000,450,490,520,530,600,610,610,610,610,610,610,65,0,460.0,490.28543538461537,411.20410000000265,777.1369999999997,114.0
1668768896,1,GET,//0/3.14159,2.100000,0.000000,440,450,490,520,540,600,610,610,610,610,610,68,0,460.0,487.47399705882344,411.20410000000265,777.1369999999997,114.0
1668768896,1,,Aggregated,2.100000,0.000000,440,450,490,520,540,600,610,610,610,610,610,68,0,460.0,487.47399705882344,411.20410000000265,777.1369999999997,114.0
1668768897,1,GET,//0/3.14159,2.100000,0.000000,430,450,490,520,540,610,610,610,610,610,610,70,0,460.0,485.6543671428571,411.20410000000265,777.1369999999997,114.0
1668768897,1,,Aggregated,2.100000,0.000000,430,450,490,520,540,610,610,610,610,610,610,70,0,460.0,485.6543671428571,411.20410000000265,777.1369999999997,114.0
1668768898,1,GET,//0/3.14159,2.100000,0.000000,430,440,490,520,540,610,610,610,610,610,610,72,0,450.0,483.8676791666667,411.20410000000265,777.1369999999997,114.0
1668768898,1,,Aggregated,2.100000,0.000000,430,440,490,520,540,610,610,610,610,610,610,72,0,450.0,483.8676791666667,411.20410000000265,777.1369999999997,114.0
1668768899,1,GET,//0/3.14159,2.200000,0.000000,430,450,460,490,530,540,610,610,610,610,610,75,0,450.0,482.2323839999999,411.20410000000265,777.1369999999997,114.0
1668768899,1,,Aggregated,2.200000,0.000000,430,450,460,490,530,540,610,610,610,610,610,75,0,450.0,482.2323839999999,411.20410000000265,777.1369999999997,114.0
1668768900,1,GET,//0/3.14159,2.200000,0.000000,430,440,450,460,530,540,610,610,610,610,610,77,0,450.0,481.0316402597401,411.20410000000265,777.1369999999997,114.0
1668768900,1,,Aggregated,2.200000,0.000000,430,440,450,460,530,540,610,610,610,610,610,77,0,450.0,481.0316402597401,411.20410000000265,777.1369999999997,114.0
1668768901,1,GET,//0/3.14159,2.200000,0.000000,430,440,460,460,530,540,610,610,610,610,610,79,0,450.0,480.0764797468352,411.20410000000265,777.1369999999997,114.0
1668768901,1,,Aggregated,2.200000,0.000000,430,440,460,460,530,540,610,610,610,610,610,79,0,450.0,480.0764797468352,411.20410000000265,777.1369999999997,114.0
1668768902,1,GET,//0/3.14159,2.200000,0.000000,430,440,450,460,460,530,770,770,770,770,770,81,0,450.0,483.24226049382696,411.20410000000265,777.1369999999997,114.0
1668768902,1,,Aggregated,2.200000,0.000000,430,440,450,460,460,530,770,770,770,770,770,81,0,450.0,483.24226049382696,411.20410000000265,777.1369999999997,114.0
1668768903,1,GET,//0/3.14159,2.300000,0.000000,430,450,460,460,530,770,770,770,770,770,770,83,0,450.0,482.5952506024094,411.20410000000265,777.1369999999997,114.0
1668768903,1,,Aggregated,2.300000,0.000000,430,450,460,460,530,770,770,770,770,770,770,83,0,450.0,482.5952506024094,411.20410000000265,777.1369999999997,114.0
1668768904,1,GET,//0/3.14159,2.200000,0.000000,430,440,450,460,490,770,770,770,770,770,770,85,0,450.0,481.70087529411745,411.20410000000265,777.1369999999997,114.0
1668768904,1,,Aggregated,2.200000,0.000000,430,440,450,460,490,770,770,770,770,770,770,85,0,450.0,481.70087529411745,411.20410000000265,777.1369999999997,114.0
1668768905,1,GET,//0/3.14159,2.200000,0.000000,440,450,460,460,550,770,770,770,770,770,770,87,0,450.0,482.00178045977,411.20410000000265,777.1369999999997,114.0
1668768905,1,,Aggregated,2.200000,0.000000,440,450,460,460,550,770,770,770,770,770,770,87,0,450.0,482.00178045977,411.20410000000265,777.1369999999997,114.0
1668768906,1,GET,//0/3.14159,2.100000,0.000000,440,440,450,460,490,550,770,770,770,770,770,90,0,450.0,480.3798399999997,411.20410000000265,777.1369999999997,114.0
1668768906,1,,Aggregated,2.100000,0.000000,440,440,450,460,490,550,770,770,770,770,770,90,0,450.0,480.3798399999997,411.20410000000265,777.1369999999997,114.0
1668768907,1,GET,//0/3.14159,2.100000,0.000000,440,450,460,460,550,770,770,770,770,770,770,92,0,450.0,479.646863043478,411.20410000000265,777.1369999999997,114.0
1668768907,1,,Aggregated,2.100000,0.000000,440,450,460,460,550,770,770,770,770,770,770,92,0,450.0,479.646863043478,411.20410000000265,777.1369999999997,114.0
1668768908,1,GET,//0/3.14159,2.200000,0.000000,440,460,460,470,550,770,770,770,770,770,770,94,0,450.0,479.1207595744678,411.20410000000265,777.1369999999997,114.0
1668768908,1,,Aggregated,2.200000,0.000000,440,460,460,470,550,770,770,770,770,770,770,94,0,450.0,479.1207595744678,411.20410000000265,777.1369999999997,114.0
1668768909,1,GET,//0/3.14159,2.200000,0.000000,440,450,460,470,550,770,770,770,770,770,770,96,0,450.0,477.95076041666647,411.20410000000265,777.1369999999997,114.0
1668768909,1,,Aggregated,2.200000,0.000000,440,450,460,470,550,770,770,770,770,770,770,96,0,450.0,477.95076041666647,411.20410000000265,777.1369999999997,114.0
1668768910,1,GET,//0/3.14159,2.100000,0.000000,440,450,470,480,550,770,770,770,770,770,770,99,0,450.0,476.876617171717,411.20410000000265,777.1369999999997,114.0
1668768910,1,,Aggregated,2.100000,0.000000,440,450,470,480,550,770,770,770,770,770,770,99,0,450.0,476.876617171717,411.20410000000265,777.1369999999997,114.0
1668768911,1,GET,//0/3.14159,2.200000,0.000000,440,450,470,480,530,550,770,770,770,770,770,101,0,450.0,476.9511821782176,411.20410000000265,777.1369999999997,114.0
1668768911,1,,Aggregated,2.200000,0.000000,440,450,470,480,530,550,770,770,770,770,770,101,0,450.0,476.9511821782176,411.20410000000265,777.1369999999997,114.0
1668768912,1,GET,//0/3.14159,2.200000,0.000000,440,450,470,480,500,530,550,550,550,550,550,103,0,450.0,476.91464174757255,411.20410000000265,777.1369999999997,114.0
1668768912,1,,Aggregated,2.200000,0.000000,440,450,470,480,500,530,550,550,550,550,550,103,0,450.0,476.91464174757255,411.20410000000265,777.1369999999997,114.0
1668768913,1,GET,//0/3.14159,2.100000,0.000000,440,450,470,480,530,550,560,560,560,560,560,105,0,450.0,477.27504571428545,411.20410000000265,777.1369999999997,114.0
1668768913,1,,Aggregated,2.100000,0.000000,440,450,470,480,530,550,560,560,560,560,560,105,0,450.0,477.27504571428545,411.20410000000265,777.1369999999997,114.0
1668768914,1,GET,//0/3.14159,2.200000,0.000000,440,450,470,480,530,550,560,560,560,560,560,107,0,450.0,477.67655327102784,411.20410000000265,777.1369999999997,114.0
1668768914,1,,Aggregated,2.200000,0.000000,440,450,470,480,530,550,560,560,560,560,560,107,0,450.0,477.67655327102784,411.20410000000265,777.1369999999997,114.0
1668768915,1,GET,//0/3.14159,2.200000,0.000000,450,460,480,500,550,560,560,560,560,560,560,109,0,450.0,477.3749091743117,411.20410000000265,777.1369999999997,114.0
1668768915,1,,Aggregated,2.200000,0.000000,450,460,480,500,550,560,560,560,560,560,560,109,0,450.0,477.3749091743117,411.20410000000265,777.1369999999997,114.0
1668768916,1,GET,//0/3.14159,2.200000,0.000000,460,470,500,530,550,560,560,560,560,560,560,111,0,450.0,477.8896018018015,411.20410000000265,777.1369999999997,114.0
1668768916,1,,Aggregated,2.200000,0.000000,460,470,500,530,550,560,560,560,560,560,560,111,0,450.0,477.8896018018015,411.20410000000265,777.1369999999997,114.0
1668768917,1,GET,//0/3.14159,2.200000,0.000000,460,480,530,550,560,560,560,560,560,560,560,113,0,450.0,478.1997486725661,411.20410000000265,777.1369999999997,114.0
1668768917,1,,Aggregated,2.200000,0.000000,460,480,530,550,560,560,560,560,560,560,560,113,0,450.0,478.1997486725661,411.20410000000265,777.1369999999997,114.0
1668768918,1,GET,//0/3.14159,2.100000,0.000000,460,530,550,550,560,560,560,560,560,560,560,115,0,450.0,479.5348095652171,411.20410000000265,777.1369999999997,114.0
1668768918,1,,Aggregated,2.100000,0.000000,460,530,550,550,560,560,560,560,560,560,560,115,0,450.0,479.5348095652171,411.20410000000265,777.1369999999997,114.0
1668768919,1,GET,//0/3.14159,2.100000,0.000000,460,530,550,550,560,560,560,560,560,560,560,117,0,450.0,479.01791025640995,411.20410000000265,777.1369999999997,114.0
1668768919,1,,Aggregated,2.100000,0.000000,460,530,550,550,560,560,560,560,560,560,560,117,0,450.0,479.01791025640995,411.20410000000265,777.1369999999997,114.0
1668768920,1,GET,//0/3.14159,2.100000,0.000000,460,530,550,550,560,560,560,560,560,560,560,119,0,450.0,478.74186218487364,411.20410000000265,777.1369999999997,114.0
1668768920,1,,Aggregated,2.100000,0.000000,460,530,550,550,560,560,560,560,560,560,560,119,0,450.0,478.74186218487364,411.20410000000265,777.1369999999997,114.0
1668768921,1,GET,//0/3.14159,2.000000,0.000000,460,500,550,550,560,560,560,560,560,560,560,122,0,450.0,478.28141065573755,411.20410000000265,777.1369999999997,114.0
1668768921,1,,Aggregated,2.000000,0.000000,460,500,550,550,560,560,560,560,560,560,560,122,0,450.0,478.28141065573755,411.20410000000265,777.1369999999997,114.0
1668768922,1,GET,//0/3.14159,2.000000,0.000000,460,500,550,550,560,560,560,560,560,560,560,124,0,450.0,478.64491935483846,411.20410000000265,777.1369999999997,114.0
1668768922,1,,Aggregated,2.000000,0.000000,460,500,550,550,560,560,560,560,560,560,560,124,0,450.0,478.64491935483846,411.20410000000265,777.1369999999997,114.0
1668768923,1,GET,//0/3.14159,2.100000,0.000000,460,500,550,550,560,560,560,560,560,560,560,126,0,450.0,478.08664126984104,411.20410000000265,777.1369999999997,114.0
1668768923,1,,Aggregated,2.100000,0.000000,460,500,550,550,560,560,560,560,560,560,560,126,0,450.0,478.08664126984104,411.20410000000265,777.1369999999997,114.0
1668768924,1,GET,//0/3.14159,2.100000,0.000000,460,470,500,540,550,560,560,560,560,560,560,129,1,450.0,475.887991472868,227.84529999999847,777.1369999999997,114.52713178294573
1668768924,1,,Aggregated,2.100000,0.000000,460,470,500,540,550,560,560,560,560,560,560,129,1,450.0,475.887991472868,227.84529999999847,777.1369999999997,114.52713178294573
1668768925,1,GET,//0/3.14159,2.100000,0.000000,440,460,470,490,550,560,560,560,560,560,560,138,10,450.0,451.84572753623166,69.99019999999945,777.1369999999997,118.92753623188406
1668768925,1,,Aggregated,2.100000,0.000000,440,460,470,490,550,560,560,560,560,560,560,138,10,450.0,451.84572753623166,69.99019999999945,777.1369999999997,118.92753623188406
1668768926,1,GET,//0/3.14159,2.100000,0.000000,230,440,450,460,500,550,560,560,560,560,560,147,19,450.0,431.23342721088414,64.96659999999821,777.1369999999997,122.78911564625851
1668768926,1,,Aggregated,2.100000,0.000000,230,440,450,460,500,550,560,560,560,560,560,147,19,450.0,431.23342721088414,64.96659999999821,777.1369999999997,122.78911564625851
1668768927,1,GET,//0/3.14159,2.400000,0.400000,120,250,440,450,470,500,550,550,550,550,550,157,29,440.0,409.7315382165603,64.96659999999821,777.1369999999997,126.56050955414013
1668768927,1,,Aggregated,2.400000,0.400000,120,250,440,450,470,500,550,550,550,550,550,157,29,440.0,409.7315382165603,64.96659999999821,777.1369999999997,126.56050955414013
1668768928,1,GET,//0/3.14159,3.300000,1.500000,110,180,250,440,460,490,540,540,540,540,540,166,38,440.0,392.7628246987949,64.96659999999821,777.1369999999997,129.56626506024097
1668768928,1,,Aggregated,3.300000,1.500000,110,180,250,440,460,490,540,540,540,540,540,166,38,440.0,392.7628246987949,64.96659999999821,777.1369999999997,129.56626506024097
1668768929,1,GET,//0/3.14159,4.100000,2.500000,96,120,190,250,450,490,500,540,540,540,540,177,49,440.0,374.7642587570619,64.96659999999821,777.1369999999997,132.82485875706215
1668768929,1,,Aggregated,4.100000,2.500000,96,120,190,250,450,490,500,540,540,540,540,177,49,440.0,374.7642587570619,64.96659999999821,777.1369999999997,132.82485875706215
1668768930,1,GET,//0/3.14159,4.800000,3.400000,96,120,180,190,430,450,490,540,540,540,540,184,56,430.0,366.06653043478224,64.96659999999821,777.1369999999997,134.69565217391303
1668768930,1,,Aggregated,4.800000,3.400000,96,120,180,190,430,450,490,540,540,540,540,184,56,430.0,366.06653043478224,64.96659999999821,777.1369999999997,134.69565217391303
1668768931,1,GET,//0/3.14159,5.600000,4.400000,88,120,150,180,250,440,460,490,490,490,490,194,66,430.0,352.5513185567007,64.96659999999821,777.1369999999997,137.1340206185567
1668768931,1,,Aggregated,5.600000,4.400000,88,120,150,180,250,440,460,490,490,490,490,194,66,430.0,352.5513185567007,64.96659999999821,777.1369999999997,137.1340206185567
1668768932,1,GET,//0/3.14159,6.200000,5.200000,85,110,130,160,230,430,490,520,520,520,520,201,72,430.0,345.0154915422882,60.91870000000199,777.1369999999997,138.3582089552239
1668768932,1,,Aggregated,6.200000,5.200000,85,110,130,160,230,430,490,520,520,520,520,201,72,430.0,345.0154915422882,60.91870000000199,777.1369999999997,138.3582089552239
1668768933,1,GET,//0/3.14159,6.600000,5.900000,85,110,130,160,230,420,490,520,520,520,520,203,72,430.0,345.8226906403938,60.91870000000199,777.1369999999997,138.11822660098522
1668768933,1,,Aggregated,6.600000,5.900000,85,110,130,160,230,420,490,520,520,520,520,203,72,430.0,345.8226906403938,60.91870000000199,777.1369999999997,138.11822660098522
1668768934,1,GET,//0/3.14159,7.700000,7.200000,85,100,130,160,230,420,520,620,620,620,620,205,72,430.0,347.52987658536546,60.91870000000199,777.1369999999997,137.88292682926829
1668768934,1,,Aggregated,7.700000,7.200000,85,100,130,160,230,420,520,620,620,620,620,205,72,430.0,347.52987658536546,60.91870000000199,777.1369999999997,137.88292682926829
1668768935,1,GET,//0/3.14159,7.700000,7.200000,88,120,180,190,420,440,530,620,620,620,620,207,72,430.0,348.8454999999996,60.91870000000199,777.1369999999997,137.65217391304347
1668768935,1,,Aggregated,7.700000,7.200000,88,120,180,190,420,440,530,620,620,620,620,207,72,430.0,348.8454999999996,60.91870000000199,777.1369999999997,137.65217391304347
1668768936,1,GET,//0/3.14159,7.700000,7.200000,88,120,190,230,440,520,530,620,620,620,620,209,72,430.0,349.67888133971263,60.91870000000199,777.1369999999997,137.42583732057417
1668768936,1,,Aggregated,7.700000,7.200000,88,120,190,230,440,520,530,620,620,620,620,209,72,430.0,349.67888133971263,60.91870000000199,777.1369999999997,137.42583732057417
1668768937,1,GET,//0/3.14159,7.400000,6.800000,97,180,270,430,440,520,620,620,620,620,620,212,72,430.0,350.7970995283015,60.91870000000199,777.1369999999997,137.0943396226415
1668768937,1,,Aggregated,7.400000,6.800000,97,180,270,430,440,520,620,620,620,620,620,212,72,430.0,350.7970995283015,60.91870000000199,777.1369999999997,137.0943396226415
1668768938,1,GET,//0/3.14159,6.500000,5.700000,120,270,430,430,440,520,620,620,620,620,620,214,72,430.0,351.80918271028,60.91870000000199,777.1369999999997,136.8785046728972
1668768938,1,,Aggregated,6.500000,5.700000,120,270,430,430,440,520,620,620,620,620,620,214,72,430.0,351.80918271028,60.91870000000199,777.1369999999997,136.8785046728972
1668768939,1,GET,//0/3.14159,5.700000,4.700000,200,430,440,440,480,530,620,620,620,620,620,216,72,430.0,352.61680879629597,60.91870000000199,777.1369999999997,136.66666666666666
1668768939,1,,Aggregated,5.700000,4.700000,200,430,440,440,480,530,620,620,620,620,620,216,72,430.0,352.61680879629597,60.91870000000199,777.1369999999997,136.66666666666666
1668768940,1,GET,//0/3.14159,5.100000,3.800000,430,430,440,440,520,540,620,620,620,620,620,218,72,430.0,353.81205550458685,60.91870000000199,777.1369999999997,136.45871559633028
1668768940,1,,Aggregated,5.100000,3.800000,430,430,440,440,520,540,620,620,620,620,620,218,72,430.0,353.81205550458685,60.91870000000199,777.1369999999997,136.45871559633028
1668768941,1,GET,//0/3.14159,4.300000,2.800000,440,440,450,480,530,540,620,620,620,620,620,221,72,430.0,354.85070497737536,60.91870000000199,777.1369999999997,136.15384615384616
1668768941,1,,Aggregated,4.300000,2.800000,440,440,450,480,530,540,620,620,620,620,620,221,72,430.0,354.85070497737536,60.91870000000199,777.1369999999997,136.15384615384616
1668768942,1,GET,//0/3.14159,3.700000,2.000000,440,440,470,480,530,540,620,620,620,620,620,223,72,430.0,356.08234260089665,60.91870000000199,777.1369999999997,135.95515695067266
1668768942,1,,Aggregated,3.700000,2.000000,440,440,470,480,530,540,620,620,620,620,620,223,72,430.0,356.08234260089665,60.91870000000199,777.1369999999997,135.95515695067266
1668768943,1,GET,//0/3.14159,3.200000,1.300000,430,440,450,470,510,530,540,540,540,540,540,225,72,430.0,356.7132488888887,60.91870000000199,777.1369999999997,135.76
1668768943,1,,Aggregated,3.200000,1.300000,430,440,450,470,510,530,540,540,540,540,540,225,72,430.0,356.7132488888887,60.91870000000199,777.1369999999997,135.76
1668768944,1,GET,//0/3.14159,2.200000,0.000000,430,440,450,470,510,540,540,540,540,540,540,227,72,430.0,357.7839555066077,60.91870000000199,777.1369999999997,135.56828193832598
1668768944,1,,Aggregated,2.200000,0.000000,430,440,450,470,510,540,540,540,540,540,540,227,72,430.0,357.7839555066077,60.91870000000199,777.1369999999997,135.56828193832598
1668768945,1,GET,//0/3.14159,2.200000,0.000000,430,440,450,470,510,540,540,540,540,540,540,230,72,430.0,358.6433047826084,60.91870000000199,777.1369999999997,135.28695652173914
1668768945,1,,Aggregated,2.200000,0.000000,430,440,450,470,510,540,540,540,540,540,540,230,72,430.0,358.6433047826084,60.91870000000199,777.1369999999997,135.28695652173914
1668768946,1,GET,//0/3.14159,2.200000,0.000000,440,450,470,480,510,540,540,540,540,540,540,232,72,430.0,359.6672124999997,60.91870000000199,777.1369999999997,135.10344827586206
1668768946,1,,Aggregated,2.200000,0.000000,440,450,470,480,510,540,540,540,540,540,540,232,72,430.0,359.6672124999997,60.91870000000199,777.1369999999997,135.10344827586206
1668768947,1,GET,//0/3.14159,2.200000,0.000000,440,440,450,470,510,540,540,540,540,540,540,234,72,430.0,360.30263974358945,60.91870000000199,777.1369999999997,134.92307692307693
1668768947,1,,Aggregated,2.200000,0.000000,440,440,450,470,510,540,540,540,540,540,540,234,72,430.0,360.30263974358945,60.91870000000199,777.1369999999997,134.92307692307693
1668768948,1,GET,//0/3.14159,2.200000,0.000000,430,440,450,470,510,540,540,540,540,540,540,236,72,430.0,360.8216177966098,60.91870000000199,777.1369999999997,134.74576271186442
1668768948,1,,Aggregated,2.200000,0.000000,430,440,450,470,510,540,540,540,540,540,540,236,72,430.0,360.8216177966098,60.91870000000199,777.1369999999997,134.74576271186442
1668768949,1,GET,//0/3.14159,2.300000,0.000000,430,440,440,450,510,510,540,540,540,540,540,239,72,430.0,361.66642426778213,60.91870000000199,777.1369999999997,134.48535564853557
1668768949,1,,Aggregated,2.300000,0.000000,430,440,440,450,510,510,540,540,540,540,540,239,72,430.0,361.66642426778213,60.91870000000199,777.1369999999997,134.48535564853557
1668768950,1,GET,//0/3.14159,2.200000,0.000000,430,440,440,450,510,510,540,540,540,540,540,241,72,430.0,362.2113497925309,60.91870000000199,777.1369999999997,134.31535269709545
1668768950,1,,Aggregated,2.200000,0.000000,430,440,440,450,510,510,540,540,540,540,540,241,72,430.0,362.2113497925309,60.91870000000199,777.1369999999997,134.31535269709545
1668768951,1,GET,//0/3.14159,2.200000,0.000000,430,440,440,440,510,510,540,540,540,540,540,243,72,430.0,362.7718325102877,60.91870000000199,777.1369999999997,134.14814814814815
1668768951,1,,Aggregated,2.200000,0.000000,430,440,440,440,510,510,540,540,540,540,540,243,72,430.0,362.7718325102877,60.91870000000199,777.1369999999997,134.14814814814815
1668768952,1,GET,//0/3.14159,2.300000,0.000000,430,440,440,440,450,510,540,540,540,540,540,246,72,430.0,363.5981422764225,60.91870000000199,777.1369999999997,133.90243902439025
1668768952,1,,Aggregated,2.300000,0.000000,430,440,440,440,450,510,540,540,540,540,540,246,72,430.0,363.5981422764225,60.91870000000199,777.1369999999997,133.90243902439025
1668768953,1,GET,//0/3.14159,2.300000,0.000000,430,430,440,440,440,450,510,510,510,510,510,248,72,430.0,364.10977177419335,60.91870000000199,777.1369999999997,133.74193548387098
1668768953,1,,Aggregated,2.300000,0.000000,430,430,440,440,440,450,510,510,510,510,510,248,72,430.0,364.10977177419335,60.91870000000199,777.1369999999997,133.74193548387098
1668768954,1,GET,//0/3.14159,2.200000,0.000000,430,430,440,440,440,450,510,510,510,510,510,251,72,430.0,364.8272820717129,60.91870000000199,777.1369999999997,133.50597609561754
1668768954,1,,Aggregated,2.200000,0.000000,430,430,440,440,440,450,510,510,510,510,510,251,72,430.0,364.8272820717129,60.91870000000199,777.1369999999997,133.50597609561754
1668768955,1,GET,//0/3.14159,2.300000,0.000000,430,430,440,440,450,490,510,510,510,510,510,252,72,430.0,365.3327829365077,60.91870000000199,777.1369999999997,133.42857142857142
1668768955,1,,Aggregated,2.300000,0.000000,430,430,440,440,450,490,510,510,510,510,510,252,72,430.0,365.3327829365077,60.91870000000199,777.1369999999997,133.42857142857142
1668768956,1,GET,//0/3.14159,2.300000,0.000000,430,430,430,440,440,490,610,610,610,610,610,255,72,430.0,366.8066321568626,60.91870000000199,777.1369999999997,133.2
1668768956,1,,Aggregated,2.300000,0.000000,430,430,430,440,440,490,610,610,610,610,610,255,72,430.0,366.8066321568626,60.91870000000199,777.1369999999997,133.2
1668768957,1,GET,//0/3.14159,2.300000,0.000000,430,430,430,440,440,490,610,610,610,610,610,257,72,430.0,367.1996097276263,60.91870000000199,777.1369999999997,133.05058365758754
1668768957,1,,Aggregated,2.300000,0.000000,430,430,430,440,440,490,610,610,610,610,610,257,72,430.0,367.1996097276263,60.91870000000199,777.1369999999997,133.05058365758754
1668768958,1,GET,//0/3.14159,2.300000,0.000000,430,430,430,440,440,490,610,610,610,610,610,259,72,430.0,367.6526818532817,60.91870000000199,777.1369999999997,132.90347490347492
1668768958,1,,Aggregated,2.300000,0.000000,430,430,430,440,440,490,610,610,610,610,610,259,72,430.0,367.6526818532817,60.91870000000199,777.1369999999997,132.90347490347492
1668768959,1,GET,//0/3.14159,2.200000,0.000000,430,430,430,440,540,580,610,610,610,610,610,261,72,430.0,369.1194176245209,60.91870000000199,777.1369999999997,132.75862068965517
1668768959,1,,Aggregated,2.200000,0.000000,430,430,430,440,540,580,610,610,610,610,610,261,72,430.0,369.1194176245209,60.91870000000199,777.1369999999997,132.75862068965517
1668768960,1,GET,//0/3.14159,2.300000,0.000000,430,430,440,450,540,580,610,610,610,610,610,263,72,430.0,369.6340372623573,60.91870000000199,777.1369999999997,132.61596958174906
1668768960,1,,Aggregated,2.300000,0.000000,430,430,440,450,540,580,610,610,610,610,610,263,72,430.0,369.6340372623573,60.91870000000199,777.1369999999997,132.61596958174906
1668768961,1,GET,//0/3.14159,2.300000,0.000000,430,430,450,490,580,610,790,790,790,790,790,265,72,430.0,371.4334735849056,60.91870000000199,785.1196000000016,132.4754716981132
1668768961,1,,Aggregated,2.300000,0.000000,430,430,450,490,580,610,790,790,790,790,790,265,72,430.0,371.4334735849056,60.91870000000199,785.1196000000016,132.4754716981132
1668768962,1,GET,//0/3.14159,2.200000,0.000000,430,430,490,540,610,790,790,790,790,790,790,267,72,430.0,371.8168400749063,60.91870000000199,785.1196000000016,132.3370786516854
1668768962,1,,Aggregated,2.200000,0.000000,430,430,490,540,610,790,790,790,790,790,790,267,72,430.0,371.8168400749063,60.91870000000199,785.1196000000016,132.3370786516854
1668768963,1,GET,//0/3.14159,2.100000,0.000000,430,430,460,490,580,610,790,790,790,790,790,270,72,430.0,372.5174151851851,60.91870000000199,785.1196000000016,132.13333333333333
1668768963,1,,Aggregated,2.100000,0.000000,430,430,460,490,580,610,790,790,790,790,790,270,72,430.0,372.5174151851851,60.91870000000199,785.1196000000016,132.13333333333333
1668768964,1,GET,//0/3.14159,2.200000,0.000000,430,440,460,490,580,610,790,790,790,790,790,272,72,430.0,373.014450367647,60.91870000000199,785.1196000000016,132.0
1668768964,1,,Aggregated,2.200000,0.000000,430,440,460,490,580,610,790,790,790,790,790,272,72,430.0,373.014450367647,60.91870000000199,785.1196000000016,132.0
1668768965,1,GET,//0/3.14159,2.100000,0.000000,430,440,460,470,560,580,790,790,790,790,790,274,72,430.0,374.0331671532846,60.91870000000199,785.1196000000016,131.86861313868613
1668768965,1,,Aggregated,2.100000,0.000000,430,440,460,470,560,580,790,790,790,790,790,274,72,430.0,374.0331671532846,60.91870000000199,785.1196000000016,131.86861313868613
1668768966,1,GET,//0/3.14159,2.100000,0.000000,430,440,460,470,560,580,790,790,790,790,790,276,72,430.0,374.39092137681155,60.91870000000199,785.1196000000016,131.7391304347826
1668768966,1,,Aggregated,2.100000,0.000000,430,440,460,470,560,580,790,790,790,790,790,276,72,430.0,374.39092137681155,60.91870000000199,785.1196000000016,131.7391304347826
1668768967,1,GET,//0/3.14159,2.100000,0.000000,430,440,460,470,560,580,790,790,790,790,790,279,72,430.0,374.94197419354833,60.91870000000199,785.1196000000016,131.5483870967742
1668768967,1,,Aggregated,2.100000,0.000000,430,440,460,470,560,580,790,790,790,790,790,279,72,430.0,374.94197419354833,60.91870000000199,785.1196000000016,131.5483870967742
1668768968,1,GET,//0/3.14159,2.100000,0.000000,430,440,460,470,560,580,790,790,790,790,790,281,72,430.0,375.81740604982195,60.91870000000199,785.1196000000016,131.42348754448398
1668768968,1,,Aggregated,2.100000,0.000000,430,440,460,470,560,580,790,790,790,790,790,281,72,430.0,375.81740604982195,60.91870000000199,785.1196000000016,131.42348754448398
1668768969,1,GET,//0/3.14159,2.200000,0.000000,430,440,470,500,560,570,790,790,790,790,790,283,72,430.0,376.94385583038866,60.91870000000199,785.1196000000016,131.30035335689047
1668768969,1,,Aggregated,2.200000,0.000000,430,440,470,500,560,570,790,790,790,790,790,283,72,430.0,376.94385583038866,60.91870000000199,785.1196000000016,131.30035335689047
1668768970,1,GET,//0/3.14159,2.100000,0.000000,440,440,470,500,560,570,790,790,790,790,790,285,72,430.0,377.3835603508771,60.91870000000199,785.1196000000016,131.17894736842106
1668768970,1,,Aggregated,2.100000,0.000000,440,440,470,500,560,570,790,790,790,790,790,285,72,430.0,377.3835603508771,60.91870000000199,785.1196000000016,131.17894736842106
1668768971,1,GET,//0/3.14159,2.100000,0.000000,440,440,460,470,550,560,570,570,570,570,570,287,72,430.0,377.6759456445992,60.91870000000199,785.1196000000016,131.05923344947735
1668768971,1,,Aggregated,2.100000,0.000000,440,440,460,470,550,560,570,570,570,570,570,287,72,430.0,377.6759456445992,60.91870000000199,785.1196000000016,131.05923344947735
1668768972,1,GET,//0/3.14159,2.100000,0.000000,440,440,460,470,550,560,570,570,570,570,570,290,72,430.0,378.2845148275862,60.91870000000199,785.1196000000016,130.88275862068966
1668768972,1,,Aggregated,2.100000,0.000000,440,440,460,470,550,560,570,570,570,570,570,290,72,430.0,378.2845148275862,60.91870000000199,785.1196000000016,130.88275862068966
1668768973,1,GET,//0/3.14159,2.200000,0.000000,440,440,440,470,550,560,570,570,570,570,570,292,72,430.0,378.68551849315065,60.91870000000199,785.1196000000016,130.76712328767124
1668768973,1,,Aggregated,2.200000,0.000000,440,440,440,470,550,560,570,570,570,570,570,292,72,430.0,378.68551849315065,60.91870000000199,785.1196000000016,130.76712328767124
1668768974,1,GET,//0/3.14159,2.200000,0.000000,440,440,470,470,550,560,570,570,570,570,570,294,72,430.0,379.15993605442173,60.91870000000199,785.1196000000016,130.6530612244898
1668768974,1,,Aggregated,2.200000,0.000000,440,440,470,470,550,560,570,570,570,570,570,294,72,430.0,379.15993605442173,60.91870000000199,785.1196000000016,130.6530612244898
1668768975,1,GET,//0/3.14159,2.200000,0.000000,440,440,440,470,550,570,620,620,620,620,620,296,72,430.0,380.14278918918916,60.91870000000199,785.1196000000016,130.54054054054055
1668768975,1,,Aggregated,2.200000,0.000000,440,440,440,470,550,570,620,620,620,620,620,296,72,430.0,380.14278918918916,60.91870000000199,785.1196000000016,130.54054054054055
1668768976,1,GET,//0/3.14159,2.200000,0.000000,440,440,440,470,550,570,620,620,620,620,620,298,72,430.0,380.4653070469798,60.91870000000199,785.1196000000016,130.4295302013423
1668768976,1,,Aggregated,2.200000,0.000000,440,440,440,470,550,570,620,620,620,620,620,298,72,430.0,380.4653070469798,60.91870000000199,785.1196000000016,130.4295302013423
1668768977,1,GET,//0/3.14159,2.200000,0.000000,440,440,470,500,570,610,620,620,620,620,620,302,74,430.0,379.8418344370859,60.91870000000199,785.1196000000016,130.66225165562915
1668768977,1,,Aggregated,2.200000,0.000000,440,440,470,500,570,610,620,620,620,620,620,302,74,430.0,379.8418344370859,60.91870000000199,785.1196000000016,130.66225165562915
1668768978,1,GET,//0/3.14159,2.200000,0.000000,430,440,440,440,500,610,620,620,620,620,620,312,84,430.0,370.74433814102554,60.91870000000199,785.1196000000016,132.30769230769232
1668768978,1,,Aggregated,2.200000,0.000000,430,440,440,440,500,610,620,620,620,620,620,312,84,430.0,370.74433814102554,60.91870000000199,785.1196000000016,132.30769230769232
1668768979,1,GET,//0/3.14159,2.200000,0.000000,200,430,440,440,450,610,620,620,620,620,620,323,95,430.0,361.41062786377694,58.13400000000968,785.1196000000016,134.0
1668768979,1,,Aggregated,2.200000,0.000000,200,430,440,440,450,610,620,620,620,620,620,323,95,430.0,361.41062786377694,58.13400000000968,785.1196000000016,134.0
1668768980,1,GET,//0/3.14159,2.500000,0.400000,100,200,430,430,440,470,620,620,620,620,620,333,105,430.0,353.34917567567555,58.13400000000968,785.1196000000016,135.44144144144144
1668768980,1,,Aggregated,2.500000,0.400000,100,200,430,430,440,470,620,620,620,620,620,333,105,430.0,353.34917567567555,58.13400000000968,785.1196000000016,135.44144144144144
1668768981,1,GET,//0/3.14159,3.300000,1.400000,85,120,200,430,440,470,610,620,620,620,620,343,115,430.0,345.8104411078716,58.13400000000968,785.1196000000016,136.798833819242
1668768981,1,,Aggregated,3.300000,1.400000,85,120,200,430,440,470,610,620,620,620,620,343,115,430.0,345.8104411078716,58.13400000000968,785.1196000000016,136.798833819242
1668768982,1,GET,//0/3.14159,4.100000,2.400000,83,120,200,220,430,450,610,620,620,620,620,352,124,430.0,340.0709352272727,58.13400000000968,785.1196000000016,137.95454545454547
1668768982,1,,Aggregated,4.100000,2.400000,83,120,200,220,430,450,610,620,620,620,620,352,124,430.0,340.0709352272727,58.13400000000968,785.1196000000016,137.95454545454547
1668768983,1,GET,//0/3.14159,4.900000,3.400000,83,110,130,200,430,450,610,620,620,620,620,360,132,430.0,335.3661944444444,58.13400000000968,785.1196000000016,138.93333333333334
1668768983,1,,Aggregated,4.900000,3.400000,83,110,130,200,430,450,610,620,620,620,620,360,132,430.0,335.3661944444444,58.13400000000968,785.1196000000016,138.93333333333334
1668768984,1,GET,//0/3.14159,5.500000,4.300000,81,100,120,130,290,430,610,620,620,620,620,372,144,420.0,327.20774892473116,57.9848999999939,785.1196000000016,140.32258064516128
1668768984,1,,Aggregated,5.500000,4.300000,81,100,120,130,290,430,610,620,620,620,620,372,144,420.0,327.20774892473116,57.9848999999939,785.1196000000016,140.32258064516128
1668768985,1,GET,//0/3.14159,6.300000,5.300000,79,86,110,120,220,410,450,610,610,610,610,384,156,420.0,319.69461171875,57.9848999999939,785.1196000000016,141.625
1668768985,1,,Aggregated,6.300000,5.300000,79,86,110,120,220,410,450,610,610,610,610,384,156,420.0,319.69461171875,57.9848999999939,785.1196000000016,141.625
1668768986,1,GET,//0/3.14159,6.900000,6.100000,79,85,110,120,200,260,530,610,610,610,610,389,161,420.0,318.18125321336765,57.9848999999939,785.1196000000016,142.1439588688946
1668768986,1,,Aggregated,6.900000,6.100000,79,85,110,120,200,260,530,610,610,610,610,389,161,420.0,318.18125321336765,57.9848999999939,785.1196000000016,142.1439588688946
1668768987,1,GET,//0/3.14159,8.000000,7.400000,80,85,110,120,200,260,410,530,530,530,530,396,168,420.0,315.0932492424243,57.9848999999939,785.1196000000016,142.84848484848484
1668768987,1,,Aggregated,8.000000,7.400000,80,85,110,120,200,260,410,530,530,530,530,396,168,420.0,315.0932492424243,57.9848999999939,785.1196000000016,142.84848484848484
1668768988,1,GET,//0/3.14159,8.800000,8.400000,79,83,100,120,200,260,410,530,530,530,530,409,181,420.0,307.56947848410766,57.34580000000733,785.1196000000016,144.09290953545232
1668768988,1,,Aggregated,8.800000,8.400000,79,83,100,120,200,260,410,530,530,530,530,409,181,420.0,307.56947848410766,57.34580000000733,785.1196000000016,144.09290953545232
1668768989,1,GET,//0/3.14159,9.000000,8.900000,78,83,88,110,190,260,410,530,530,530,530,419,191,420.0,302.2519918854416,54.908300000008126,785.1196000000016,144.99761336515513
1668768989,1,,Aggregated,9.000000,8.900000,78,83,88,110,190,260,410,530,530,530,530,419,191,420.0,302.2519918854416,54.908300000008126,785.1196000000016,144.99761336515513
1668768990,1,GET,//0/3.14159,9.300000,9.300000,78,84,100,120,190,260,410,530,530,530,530,428,200,420.0,298.41495490654216,54.908300000008126,785.1196000000016,145.77570093457945
1668768990,1,,Aggregated,9.300000,9.300000,78,84,100,120,190,260,410,530,530,530,530,428,200,420.0,298.41495490654216,54.908300000008126,785.1196000000016,145.77570093457945
1668768991,1,GET,//0/3.14159,9.500000,9.500000,78,88,120,130,200,260,410,530,530,530,530,437,209,420.0,294.6155231121284,54.908300000008126,785.1196000000016,146.52173913043478
1668768991,1,,Aggregated,9.500000,9.500000,78,88,120,130,200,260,410,530,530,530,530,437,209,420.0,294.6155231121284,54.908300000008126,785.1196000000016,146.52173913043478
1668768992,1,GET,//0/3.14159,9.500000,9.500000,77,85,100,120,190,260,440,530,530,530,530,446,218,410.0,290.96239237668186,54.908300000008126,785.1196000000016,147.23766816143498
1668768992,1,,Aggregated,9.500000,9.500000,77,85,100,120,190,260,440,530,530,530,530,446,218,410.0,290.96239237668186,54.908300000008126,785.1196000000016,147.23766816143498
1668768993,1,GET,//0/3.14159,9.500000,9.500000,76,83,100,120,190,230,440,530,530,530,530,458,230,410.0,285.62891768558967,54.908300000008126,785.1196000000016,148.14847161572052
1668768993,1,,Aggregated,9.500000,9.500000,76,83,100,120,190,230,440,530,530,530,530,458,230,410.0,285.62891768558967,54.908300000008126,785.1196000000016,148.14847161572052
1668768994,1,GET,//0/3.14159,9.500000,9.500000,78,88,110,130,190,230,440,530,530,530,530,467,239,270.0,282.0881374732334,54.908300000008126,785.1196000000016,148.80085653104925
1668768994,1,,Aggregated,9.500000,9.500000,78,88,110,130,190,230,440,530,530,530,530,467,239,270.0,282.0881374732334,54.908300000008126,785.1196000000016,148.80085653104925
1668768995,1,GET,//0/3.14159,9.300000,9.300000,79,89,130,130,200,210,440,530,530,530,530,474,246,230.0,279.7968481012659,54.908300000008126,785.1196000000016,149.29113924050634
1668768995,1,,Aggregated,9.300000,9.300000,79,89,130,130,200,210,440,440,440,440,440,474,246,230.0,279.7968481012659,54.908300000008126,785.1196000000016,149.29113924050634
1668768997,1,GET,//0/3.14159,9.700000,9.700000,79,91,130,130,190,210,270,440,440,440,440,482,254,230.0,277.4106317427388,54.908300000008126,785.1196000000016,149.83402489626556
1668768997,1,,Aggregated,9.700000,9.700000,79,91,130,130,190,210,270,440,440,440,440,482,254,230.0,277.4106317427388,54.908300000008126,785.1196000000016,149.83402489626556
1668768998,1,GET,//0/3.14159,9.000000,9.000000,79,91,130,130,190,230,380,440,440,440,440,493,265,210.0,273.5303261663288,54.908300000008126,785.1196000000016,150.55172413793105
1668768998,1,,Aggregated,9.000000,9.000000,79,91,130,130,190,230,380,440,440,440,440,493,265,210.0,273.5303261663288,54.908300000008126,785.1196000000016,150.55172413793105
1668768999,1,GET,//0/3.14159,9.000000,9.000000,80,100,130,130,190,230,380,440,440,440,440,500,272,200.0,271.10397580000006,54.908300000008126,785.1196000000016,150.992
1668768999,1,,Aggregated,9.000000,9.000000,80,100,130,130,190,230,380,440,440,440,440,500,272,200.0,271.10397580000006,54.908300000008126,785.1196000000016,150.992
1668769000,1,GET,//0/3.14159,9.300000,9.300000,80,100,130,140,210,380,440,700,700,700,700,502,272,200.0,272.29757290836665,54.908300000008126,785.1196000000016,150.84462151394422
1668769000,1,,Aggregated,9.300000,9.300000,80,100,130,140,210,380,440,700,700,700,700,502,272,200.0,272.29757290836665,54.908300000008126,785.1196000000016,150.84462151394422
1668769001,1,GET,//0/3.14159,9.500000,9.500000,80,100,130,150,270,440,580,700,700,700,700,504,272,200.0,273.23427301587316,54.908300000008126,785.1196000000016,150.6984126984127
1668769001,1,,Aggregated,9.500000,9.500000,80,100,130,150,270,440,580,700,700,700,700,504,272,200.0,273.23427301587316,54.908300000008126,785.1196000000016,150.6984126984127
1668769002,1,GET,//0/3.14159,9.100000,9.100000,81,100,150,190,410,440,580,700,700,700,700,506,272,210.0,273.81515652173925,54.908300000008126,785.1196000000016,150.55335968379447
1668769002,1,,Aggregated,9.100000,9.100000,81,100,150,190,410,440,580,700,700,700,700,506,272,210.0,273.81515652173925,54.908300000008126,785.1196000000016,150.55335968379447
1668769003,1,GET,//0/3.14159,8.300000,8.100000,99,140,190,270,430,440,700,700,700,700,700,508,272,210.0,274.4305946850394,54.908300000008126,785.1196000000016,150.40944881889763
1668769003,1,,Aggregated,8.300000,8.100000,99,140,190,270,430,440,700,700,700,700,700,508,272,210.0,274.4305946850394,54.908300000008126,785.1196000000016,150.40944881889763
1668769004,1,GET,//0/3.14159,7.500000,7.100000,99,190,380,430,440,580,700,700,700,700,700,510,272,210.0,275.51926294117646,54.908300000008126,785.1196000000016,150.26666666666668
1668769004,1,,Aggregated,7.500000,7.100000,99,190,380,430,440,580,700,700,700,700,700,510,272,210.0,275.51926294117646,54.908300000008126,785.1196000000016,150.26666666666668
1668769005,1,GET,//0/3.14159,6.800000,6.200000,100,380,430,430,510,590,700,700,700,700,700,513,272,230.0,276.42079161793373,54.908300000008126,785.1196000000016,150.05458089668616
1668769005,1,,Aggregated,6.800000,6.200000,100,380,430,430,510,590,700,700,700,700,700,513,272,230.0,276.42079161793373,54.908300000008126,785.1196000000016,150.05458089668616
1668769006,1,GET,//0/3.14159,6.200000,5.400000,150,430,430,440,510,590,700,700,700,700,700,515,272,230.0,276.9735887378641,54.908300000008126,785.1196000000016,149.91456310679612
1668769006,1,,Aggregated,6.200000,5.400000,150,430,430,440,510,590,700,700,700,700,700,515,272,230.0,276.9735887378641,54.908300000008126,785.1196000000016,149.91456310679612
1668769007,1,GET,//0/3.14159,4.600000,3.300000,430,430,440,440,580,590,700,700,700,700,700,518,272,230.0,277.8600994208494,54.908300000008126,785.1196000000016,149.7065637065637
1668769007,1,,Aggregated,4.600000,3.300000,430,430,440,440,580,590,700,700,700,700,700,518,272,230.0,277.8600994208494,54.908300000008126,785.1196000000016,149.7065637065637
1668769008,1,GET,//0/3.14159,4.100000,2.600000,440,450,510,530,590,700,700,700,700,700,700,520,272,230.0,278.6613155769231,54.908300000008126,785.1196000000016,149.56923076923076
1668769008,1,,Aggregated,4.100000,2.600000,440,450,510,530,590,700,700,700,700,700,700,520,272,230.0,278.6613155769231,54.908300000008126,785.1196000000016,149.56923076923076
1668769009,1,GET,//0/3.14159,4.100000,2.600000,430,450,510,530,590,650,650,650,650,650,650,521,272,240.0,279.3655950095969,54.908300000008126,785.1196000000016,149.50095969289828
1668769009,1,,Aggregated,4.100000,2.600000,430,450,510,530,590,650,650,650,650,650,650,521,272,240.0,279.3655950095969,54.908300000008126,785.1196000000016,149.50095969289828
1668769010,1,GET,//0/3.14159,2.700000,0.800000,430,440,450,510,590,650,650,650,650,650,650,524,272,250.0,280.25989026717554,54.908300000008126,785.1196000000016,149.29770992366412
1668769010,1,,Aggregated,2.700000,0.800000,430,440,450,510,590,650,650,650,650,650,650,524,272,250.0,280.25989026717554,54.908300000008126,785.1196000000016,149.29770992366412
1668769011,1,GET,//0/3.14159,2.700000,0.800000,430,440,450,510,590,650,650,650,650,650,650,526,272,260.0,280.81490095057035,54.908300000008126,785.1196000000016,149.16349809885932
1668769011,1,,Aggregated,2.700000,0.800000,430,440,450,510,590,650,650,650,650,650,650,526,272,260.0,280.81490095057035,54.908300000008126,785.1196000000016,149.16349809885932
1668769012,1,GET,//0/3.14159,2.100000,0.000000,430,450,510,530,590,650,650,650,650,650,650,528,272,270.0,281.6342672348485,54.908300000008126,785.1196000000016,149.03030303030303
1668769012,1,,Aggregated,2.100000,0.000000,430,450,510,530,590,650,650,650,650,650,650,528,272,270.0,281.6342672348485,54.908300000008126,785.1196000000016,149.03030303030303
1668769013,1,GET,//0/3.14159,2.100000,0.000000,430,450,510,530,580,650,650,650,650,650,650,530,272,270.0,282.54069735849066,54.908300000008126,785.1196000000016,148.89811320754717
1668769013,1,,Aggregated,2.100000,0.000000,430,450,510,530,580,650,650,650,650,650,650,530,272,270.0,282.54069735849066,54.908300000008126,785.1196000000016,148.89811320754717
1668769014,1,GET,//0/3.14159,2.200000,0.000000,440,450,510,530,580,650,650,650,650,650,650,532,272,270.0,283.144165225564,54.908300000008126,785.1196000000016,148.7669172932331
1668769014,1,,Aggregated,2.200000,0.000000,440,450,510,530,580,650,650,650,650,650,650,532,272,270.0,283.144165225564,54.908300000008126,785.1196000000016,148.7669172932331
1668769015,1,GET,//0/3.14159,2.200000,0.000000,440,450,510,530,580,650,650,650,650,650,650,535,272,380.0,283.9746016822431,54.908300000008126,785.1196000000016,148.57196261682242
1668769015,1,,Aggregated,2.200000,0.000000,440,450,510,530,580,650,650,650,650,650,650,535,272,380.0,283.9746016822431,54.908300000008126,785.1196000000016,148.57196261682242
1668769016,1,GET,//0/3.14159,2.200000,0.000000,440,450,510,530,580,650,650,650,650,650,650,537,272,410.0,284.692987895717,54.908300000008126,785.1196000000016,148.44320297951583
1668769016,1,,Aggregated,2.200000,0.000000,440,450,510,530,580,650,650,650,650,650,650,537,272,410.0,284.692987895717,54.908300000008126,785.1196000000016,148.44320297951583
1668769017,1,GET,//0/3.14159,2.100000,0.000000,440,510,530,530,580,650,650,650,650,650,650,539,272,410.0,285.41990500927653,54.908300000008126,785.1196000000016,148.31539888682747
1668769017,1,,Aggregated,2.100000,0.000000,440,510,530,530,580,650,650,650,650,650,650,539,272,410.0,285.41990500927653,54.908300000008126,785.1196000000016,148.31539888682747
1668769018,1,GET,//0/3.14159,2.100000,0.000000,440,440,510,510,530,580,580,580,580,580,580,541,272,410.0,285.95930536044375,54.908300000008126,785.1196000000016,148.18853974121996
1668769018,1,,Aggregated,2.100000,0.000000,440,440,510,510,530,580,580,580,580,580,580,541,272,410.0,285.95930536044375,54.908300000008126,785.1196000000016,148.18853974121996
1668769019,1,GET,//0/3.14159,2.100000,0.000000,430,440,450,510,530,530,580,580,580,580,580,544,272,410.0,286.6994895220589,54.908300000008126,785.1196000000016,148.0
1668769019,1,,Aggregated,2.100000,0.000000,430,440,450,510,530,530,580,580,580,580,580,544,272,410.0,286.6994895220589,54.908300000008126,785.1196000000016,148.0
1668769020,1,GET,//0/3.14159,2.100000,0.000000,440,440,510,510,530,580,580,580,580,580,580,546,272,410.0,287.21404761904773,54.908300000008126,785.1196000000016,147.87545787545787
1668769020,1,,Aggregated,2.100000,0.000000,440,440,510,510,530,580,580,580,580,580,580,546,272,410.0,287.21404761904773,54.908300000008126,785.1196000000016,147.87545787545787
1668769021,1,GET,//0/3.14159,2.200000,0.000000,440,450,510,510,530,710,710,710,710,710,710,548,272,410.0,288.35334032846725,54.908300000008126,785.1196000000016,147.75182481751824
1668769021,1,,Aggregated,2.200000,0.000000,440,450,510,510,530,710,710,710,710,710,710,548,272,410.0,288.35334032846725,54.908300000008126,785.1196000000016,147.75182481751824
1668769022,1,GET,//0/3.14159,2.300000,0.000000,440,440,490,510,570,710,710,710,710,710,710,550,272,410.0,289.0855861818183,54.908300000008126,785.1196000000016,147.6290909090909
1668769022,1,,Aggregated,2.300000,0.000000,440,440,490,510,570,710,710,710,710,710,710,550,272,410.0,289.0855861818183,54.908300000008126,785.1196000000016,147.6290909090909
1668769023,1,GET,//0/3.14159,2.100000,0.000000,440,440,490,510,570,710,710,710,710,710,710,552,272,410.0,289.6411644927537,54.908300000008126,785.1196000000016,147.5072463768116
1668769023,1,,Aggregated,2.100000,0.000000,440,440,490,510,570,710,710,710,710,710,710,552,272,410.0,289.6411644927537,54.908300000008126,785.1196000000016,147.5072463768116
1668769024,1,GET,//0/3.14159,2.100000,0.000000,440,450,510,520,570,710,710,710,710,710,710,554,272,410.0,290.28412833935033,54.908300000008126,785.1196000000016,147.38628158844764
1668769024,1,,Aggregated,2.100000,0.000000,440,450,510,520,570,710,710,710,710,710,710,554,272,410.0,290.28412833935033,54.908300000008126,785.1196000000016,147.38628158844764
1668769025,1,GET,//0/3.14159,2.100000,0.000000,440,460,510,520,570,710,710,710,710,710,710,556,272,410.0,290.8261760791368,54.908300000008126,785.1196000000016,147.26618705035972
1668769025,1,,Aggregated,2.100000,0.000000,440,460,510,520,570,710,710,710,710,710,710,556,272,410.0,290.8261760791368,54.908300000008126,785.1196000000016,147.26618705035972
1668769026,1,GET,//0/3.14159,2.100000,0.000000,440,460,520,530,570,710,710,710,710,710,710,558,272,410.0,291.4754327956991,54.908300000008126,785.1196000000016,147.1469534050179
1668769026,1,,Aggregated,2.100000,0.000000,440,460,520,530,570,710,710,710,710,710,710,558,272,410.0,291.4754327956991,54.908300000008126,785.1196000000016,147.1469534050179
1668769027,1,GET,//0/3.14159,2.200000,0.000000,440,460,520,530,620,710,710,710,710,710,710,560,272,410.0,292.2728373214287,54.908300000008126,785.1196000000016,147.02857142857144
1668769027,1,,Aggregated,2.200000,0.000000,440,460,520,530,620,710,710,710,710,710,710,560,272,410.0,292.2728373214287,54.908300000008126,785.1196000000016,147.02857142857144
1668769028,1,GET,//0/3.14159,2.200000,0.000000,450,490,530,570,620,710,710,710,710,710,710,562,272,410.0,293.1250651245553,54.908300000008126,785.1196000000016,146.91103202846975
1668769028,1,,Aggregated,2.200000,0.000000,450,490,530,570,620,710,710,710,710,710,710,562,272,410.0,293.1250651245553,54.908300000008126,785.1196000000016,146.91103202846975
1668769029,1,GET,//0/3.14159,2.200000,0.000000,450,490,530,570,620,710,710,710,710,710,710,565,272,420.0,293.85472300884965,54.908300000008126,785.1196000000016,146.7362831858407
1668769029,1,,Aggregated,2.200000,0.000000,450,490,530,570,620,710,710,710,710,710,710,565,272,420.0,293.85472300884965,54.908300000008126,785.1196000000016,146.7362831858407
1668769030,1,GET,//0/3.14159,2.100000,0.000000,440,460,530,570,620,710,710,710,710,710,710,567,272,420.0,294.3323373897708,54.908300000008126,785.1196000000016,146.62081128747795
1668769030,1,,Aggregated,2.100000,0.000000,440,460,530,570,620,710,710,710,710,710,710,567,272,420.0,294.3323373897708,54.908300000008126,785.1196000000016,146.62081128747795
1668769031,1,GET,//0/3.14159,2.100000,0.000000,440,450,500,520,610,620,620,620,620,620,620,569,272,420.0,294.9231059753956,54.908300000008126,785.1196000000016,146.506151142355
1668769031,1,,Aggregated,2.100000,0.000000,440,450,500,520,610,620,620,620,620,620,620,569,272,420.0,294.9231059753956,54.908300000008126,785.1196000000016,146.506151142355
1668769032,1,GET,//0/3.14159,2.000000,0.000000,430,440,460,500,530,610,620,620,620,620,620,572,272,420.0,295.6169384615386,54.908300000008126,785.1196000000016,146.33566433566435
1668769032,1,,Aggregated,2.000000,0.000000,430,440,460,500,530,610,620,620,620,620,620,572,272,420.0,295.6169384615386,54.908300000008126,785.1196000000016,146.33566433566435
1668769033,1,GET,//0/3.14159,2.200000,0.000000,430,440,460,500,610,620,620,620,620,620,620,574,272,420.0,296.0752642857144,54.908300000008126,785.1196000000016,146.22299651567945
1668769033,1,,Aggregated,2.200000,0.000000,430,440,460,500,610,620,620,620,620,620,620,574,272,420.0,296.0752642857144,54.908300000008126,785.1196000000016,146.22299651567945
1668769034,1,GET,//0/3.14159,2.200000,0.000000,430,450,500,530,610,620,620,620,620,620,620,576,272,420.0,296.8679614583334,54.908300000008126,785.1196000000016,146.11111111111111
1668769034,1,,Aggregated,2.200000,0.000000,430,450,500,530,610,620,620,620,620,620,620,576,272,420.0,296.8679614583334,54.908300000008126,785.1196000000016,146.11111111111111
